,video_link,video_views,upload_date,comments,likes,dislikes
0,https://www.youtube.com/watch?v=vJVK_B-0FqA,13274,2020-06-02T07:45:24Z,43,668,11
1,https://www.youtube.com/watch?v=jR-8qh-0fqA,96,2020-06-02T07:07:09Z,0,4,0
2,https://www.youtube.com/watch?v=4CWYvO-0FqA,126612,2017-02-18T04:00:01Z,79,604,29
3,https://www.youtube.com/watch?v=XsmR-0fqa-g,1240,2019-11-13T06:23:29Z,9,56,0
4,https://www.youtube.com/watch?v=FMUruT-0FqA,34,2020-02-10T20:13:44Z,0,1,0
5,https://www.youtube.com/watch?v=SZol5v-0FQA,36,2020-05-24T18:43:08Z,2,5,0
6,https://www.youtube.com/watch?v=0FQa-wcLbvA,54,2018-06-07T12:21:44Z,0,1,0
7,https://www.youtube.com/watch?v=0Fqa-_amFE0,21,2019-07-30T02:56:21Z,1,4,0
8,https://www.youtube.com/watch?v=0FqA-av0vNg,899,2014-03-13T00:54:39Z,2,16,0
9,https://www.youtube.com/watch?v=0FQa-6eZg44,7,2020-04-29T14:41:39Z,0,1,1
10,https://www.youtube.com/watch?v=xLqcgQ-0FQA,1585,2018-09-29T16:04:09Z,7,44,8
11,https://www.youtube.com/watch?v=0FQa-Yfhjgw,12276,2016-03-08T12:45:33Z,34,301,10
12,https://www.youtube.com/watch?v=hPOZxL-0fqA,10010,2019-01-03T08:00:48Z,4,157,7
13,https://www.youtube.com/watch?v=irHCXo-0fQA,30,2018-12-15T20:44:42Z,0,3,0
14,https://www.youtube.com/watch?v=jB8aZR-0fqA,126,2020-01-31T12:22:22Z,0,7,0
15,https://www.youtube.com/watch?v=aCfEnV-0fQA,16,2017-12-28T00:18:16Z,0,1,0
16,https://www.youtube.com/watch?v=cR2FkV-0fqA,164,2019-03-15T03:52:03Z,0,7,0
17,https://www.youtube.com/watch?v=0Fqa-eYdDTk,105,2019-08-15T05:22:28Z,0,2,0
18,https://www.youtube.com/watch?v=31baN5-0FQA,92362,2014-11-26T20:35:19Z,39,578,15
19,https://www.youtube.com/watch?v=GD9crF-0fqA,200,2020-01-22T05:00:02Z,1,5,1
20,https://www.youtube.com/watch?v=793aL1-0FqA,2,2020-04-20T07:43:27Z,0,0,0
21,https://www.youtube.com/watch?v=vTnrZD-0fqA,8,2019-03-15T00:35:37Z,0,0,0
22,https://www.youtube.com/watch?v=Myb4Q2-0FQA,5341,2017-03-17T22:32:30Z,23,95,2
23,https://www.youtube.com/watch?v=0fqA-KySa0g,35,2014-07-18T12:23:28Z,0,0,0
24,https://www.youtube.com/watch?v=0-fqA-oBUMM,555,2017-01-16T00:05:22Z,0,3,0
25,https://www.youtube.com/watch?v=UJ0A-kqZzsA,2025,2013-03-11T14:08:15Z,1,41,0
26,https://www.youtube.com/watch?v=NY2iFO-UJ0A,13149,2020-04-16T14:56:50Z,0,4,0
27,https://www.youtube.com/watch?v=YIURa4-UJ0A,9,2020-06-21T08:11:27Z,0,5,0
28,https://www.youtube.com/watch?v=uj0A-7Y-miQ,264,2013-08-30T15:33:55Z,0,7,0
29,https://www.youtube.com/watch?v=uJ0a-hcQZW4,204,2019-12-23T17:15:40Z,0,2,0
30,https://www.youtube.com/watch?v=yJEsoE-uJ0A,18,2020-07-14T06:25:59Z,0,2,0
31,https://www.youtube.com/watch?v=JVp98d-uj0A,100,2020-05-02T16:46:28Z,2,21,0
32,https://www.youtube.com/watch?v=UJ0A-UQ-ebY,23,2011-09-11T01:23:28Z,0,1,0
33,https://www.youtube.com/watch?v=1gGB75-Uj0A,1879,2019-10-22T01:40:30Z,6,62,7
34,https://www.youtube.com/watch?v=ZxIIVS-UJ0A,1061,2014-02-04T04:05:25Z,1,20,5
35,https://www.youtube.com/watch?v=Uj0a-MfwUXw,43,2019-04-15T16:43:06Z,0,0,0
36,https://www.youtube.com/watch?v=8burlm-uj0A,642,2017-05-02T08:33:11Z,0,0,0
37,https://www.youtube.com/watch?v=uj0A-cXjeHI,19,2019-11-18T16:00:06Z,1,2,0
38,https://www.youtube.com/watch?v=KF7B-16dcqg,1316,2015-03-26T19:08:13Z,3,15,2
39,https://www.youtube.com/watch?v=UJ0A-9lZwEY,223,2018-08-10T11:56:28Z,0,6,1
40,https://www.youtube.com/watch?v=8_C6g5-UJ0A,245,2020-02-20T01:41:53Z,0,2,0
41,https://www.youtube.com/watch?v=sQ-giW-Uj0A,13970,2010-12-18T02:10:47Z,33,208,5
42,https://www.youtube.com/watch?v=Uj0a-0QTdww,8,2020-02-23T02:22:33Z,0,1,0
43,https://www.youtube.com/watch?v=Uj0A-FAWx1Y,1185,2019-01-13T12:56:15Z,0,47,0
44,https://www.youtube.com/watch?v=1cmm9P-Uj0A,10,2020-02-24T17:05:32Z,0,0,0
45,https://www.youtube.com/watch?v=-3kHZw-uj0A,699,2018-10-01T06:03:38Z,0,43,1
46,https://www.youtube.com/watch?v=uj0A-XY8F_I,5563,2008-07-01T18:09:23Z,0,7,3
47,https://www.youtube.com/watch?v=WKKkBb-uj0A,219,2020-01-04T16:38:40Z,0,3,0
48,https://www.youtube.com/watch?v=0Amev85I2M0,357,2014-07-19T17:57:31Z,1,7,2
49,https://www.youtube.com/watch?v=KQRxRD_oDYo,2996,2019-12-27T06:17:34Z,16,28,2
50,https://www.youtube.com/watch?v=KiAwgNWX6e0,1026,2020-05-20T02:00:07Z,13,31,1
51,https://www.youtube.com/watch?v=6vtqWFVSP_Q,2,2019-11-24T15:56:25Z,0,0,0
52,https://www.youtube.com/watch?v=GbzJyCKX4rk,21,2017-09-05T18:57:43Z,0,0,0
53,https://www.youtube.com/watch?v=WOB1htDlfJs,29,2016-10-31T11:28:18Z,0,0,0
54,https://www.youtube.com/watch?v=lKqnHqs1Rzg,11,2017-11-28T13:52:56Z,0,0,5
55,https://www.youtube.com/watch?v=3gxOHbS1D40,17,2016-11-13T02:17:29Z,0,0,0
56,https://www.youtube.com/watch?v=oihfmh5rKKw,35,2015-02-23T11:53:42Z,0,0,0
57,https://www.youtube.com/watch?v=MZUMDtPGLx0,3,2017-11-12T16:27:32Z,0,0,0
58,https://www.youtube.com/watch?v=QtIScPZArdE,17,2015-03-07T08:29:22Z,0,0,0
59,https://www.youtube.com/watch?v=mNGpsiiCgbE,4,2016-06-29T23:30:38Z,0,0,0
60,https://www.youtube.com/watch?v=mVCje16wPHM,5,2016-01-21T11:41:51Z,0,0,0
61,https://www.youtube.com/watch?v=hPOzTCo1Klg,28,2016-12-06T21:49:50Z,0,0,0
62,https://www.youtube.com/watch?v=dtrB5kS5W0s,8,2016-01-13T17:19:28Z,0,0,0
63,https://www.youtube.com/watch?v=0nFEtM0UfCo,20,2018-02-16T10:31:05Z,0,2,0
64,https://www.youtube.com/watch?v=SspDP_GYI4Y,9,2015-02-23T11:58:03Z,0,0,0
65,https://www.youtube.com/watch?v=wFxECmV_0nQ,0,2017-05-31T21:07:26Z,0,0,0
66,https://www.youtube.com/watch?v=ovvYu5V93u0,5,2015-08-18T04:41:43Z,0,0,0
67,https://www.youtube.com/watch?v=ikHL3cD3q1Q,2,2017-01-18T22:13:08Z,0,0,0
68,https://www.youtube.com/watch?v=jmwWKxRZweA,15,2016-11-08T05:55:14Z,0,0,0
69,https://www.youtube.com/watch?v=TM6MTizY_Ik,24,2017-10-03T18:45:42Z,0,0,0
70,https://www.youtube.com/watch?v=nlb1-W4yKpw,2669,2019-05-13T10:01:32Z,1,22,0
71,https://www.youtube.com/watch?v=RAeF5FkupnM,0,2015-09-13T20:32:53Z,0,0,0
72,https://www.youtube.com/watch?v=5FOP4NJ8FwI,0,2015-09-13T20:49:49Z,0,0,0
73,https://www.youtube.com/watch?v=Gonmy3ENABg,0,2015-09-13T20:52:00Z,0,0,0
74,https://www.youtube.com/watch?v=65hODw1qTYM,0,2015-09-13T20:57:11Z,0,0,0
75,https://www.youtube.com/watch?v=q6tZkt5K4WQ,84,2010-11-20T17:01:45Z,0,1,0
76,https://www.youtube.com/watch?v=j1jYLfetpnE,991,2012-07-03T16:39:43Z,0,6,0
77,https://www.youtube.com/watch?v=tJa819Ij-Y4,219,2020-03-10T11:26:40Z,0,5,0
78,https://www.youtube.com/watch?v=NxEzO6sfkz8,498689,2019-08-12T06:27:32Z,123,8570,437
79,https://www.youtube.com/watch?v=JnQ2prdNl4o,71028,2020-04-24T13:39:27Z,12,970,28
80,https://www.youtube.com/watch?v=k5QCO6qr4SQ,666582,2019-10-25T08:30:45Z,113,9034,374
81,https://www.youtube.com/watch?v=NtYac2c2TIk,397664,2019-10-20T08:13:53Z,63,5287,222
82,https://www.youtube.com/watch?v=psQPdOxr5hw,12510,2020-04-06T13:25:18Z,0,258,11
83,https://www.youtube.com/watch?v=hJqUfOUAdDA,1480285,2019-08-15T06:34:10Z,371,30698,1444
84,https://www.youtube.com/watch?v=XsIcxU7GICk,1922434,2020-02-10T11:52:49Z,131,13239,1189
85,https://www.youtube.com/watch?v=Q1rtiXt0_Sk,224617,2019-08-24T08:35:30Z,81,3353,222
86,https://www.youtube.com/watch?v=19ncXXWzTEE,385331,2020-01-01T13:06:51Z,92,7561,237
87,https://www.youtube.com/watch?v=V9VeyWsLjj8,178484,2020-04-23T13:32:57Z,21,1945,106
88,https://www.youtube.com/watch?v=q8jfCoHcPR4,185473,2019-09-28T09:03:33Z,72,3202,106
89,https://www.youtube.com/watch?v=bmBnhV7Dghc,17978,2020-04-10T15:41:14Z,2,133,8
90,https://www.youtube.com/watch?v=JXNg7Mz4nMs,10978,2020-03-02T06:31:22Z,1,157,6
91,https://www.youtube.com/watch?v=gF2G757Z4_o,368545,2020-02-17T06:55:51Z,11,1437,110
92,https://www.youtube.com/watch?v=qCWPX_SPeYM,4938,2020-04-02T15:58:16Z,2,113,6
93,https://www.youtube.com/watch?v=CvxHSfwNj1g,544807,2019-08-28T09:51:52Z,132,10906,496
94,https://www.youtube.com/watch?v=8yPJ4KWYFOc,739802,2019-07-27T04:54:33Z,104,9494,528
95,https://www.youtube.com/watch?v=hqzj53dOYaY,69662,2020-02-02T07:56:36Z,5,904,31
96,https://www.youtube.com/watch?v=iaH3LEHogYs,178483,2019-07-10T08:45:29Z,29,1912,142
97,https://www.youtube.com/watch?v=avyEjH8YImQ,5748,2020-04-04T09:59:01Z,0,104,6
98,https://www.youtube.com/watch?v=Ol_Me365NWg,439572,2020-02-18T06:40:32Z,3,999,48
99,https://www.youtube.com/watch?v=5sz74UVa_Gs,169932,2019-09-15T08:07:44Z,57,3526,109
100,https://www.youtube.com/watch?v=gfxoE1bIvmg,1291682,2019-11-27T05:30:00Z,162,11601,552
101,https://www.youtube.com/watch?v=Z8x3H46L0kM,2251,2020-03-24T14:22:14Z,0,73,2
102,https://www.youtube.com/watch?v=wyvNODpMeHQ,45386,2019-07-05T04:11:42Z,13,409,26
103,https://www.youtube.com/watch?v=wTyYQ8DrThc,53065,2020-02-04T06:44:52Z,2,539,25
104,https://www.youtube.com/watch?v=ryai957A97Y,1161,2020-05-14T06:48:54Z,1,14,1
105,https://www.youtube.com/watch?v=VO-QAcuYhtw,19661,2020-02-24T07:12:10Z,3,290,14
106,https://www.youtube.com/watch?v=czYTAWIZwxY,30790,2019-07-20T03:59:25Z,35,651,33
107,https://www.youtube.com/watch?v=_rQjA3-c1rk,2650,2016-07-02T21:05:15Z,3,18,1
108,https://www.youtube.com/watch?v=MCMtsAJ74BI,17,2016-11-18T23:45:11Z,0,2,3
109,https://www.youtube.com/watch?v=Bncmzk-c1rk,145860,2019-05-03T09:47:13Z,0,297,175
110,https://www.youtube.com/watch?v=C1Rk-VUFwj0,199901,2019-11-14T10:00:02Z,341,13147,376
111,https://www.youtube.com/watch?v=CMfFML-c1rk,11016,2014-12-22T21:00:04Z,53,507,6
112,https://www.youtube.com/watch?v=C1rK-ciSR68,38540,2016-03-15T08:35:32Z,12,297,29
113,https://www.youtube.com/watch?v=C1rk-KAZ60o,2883,2019-08-14T22:00:56Z,80,134,0
114,https://www.youtube.com/watch?v=a30oLM-C1rk,19,2016-06-19T18:32:55Z,3,2,0
115,https://www.youtube.com/watch?v=OuuG1K-C1Rk,102096,2018-08-13T05:31:35Z,333,1075,151
116,https://www.youtube.com/watch?v=SLPis7-c1rk,33,2020-06-16T12:20:12Z,0,7,0
117,https://www.youtube.com/watch?v=FZ0d2D-C1Rk,8667,2019-10-10T15:33:07Z,6,70,16
118,https://www.youtube.com/watch?v=lfMv2--c1rk,1355,2020-04-18T16:44:29Z,5,35,0
119,https://www.youtube.com/watch?v=C1Rk-7HIMQI,768,2020-06-03T13:00:08Z,23,92,0
120,https://www.youtube.com/watch?v=_-m5FP-c1rk,53,2019-09-12T17:51:21Z,2,8,0
121,https://www.youtube.com/watch?v=OFZyhz-c1rk,2,2020-07-06T03:30:36Z,0,1,0
122,https://www.youtube.com/watch?v=6R3EP9-C1Rk,64,2019-01-28T02:32:55Z,0,2,0
123,https://www.youtube.com/watch?v=AXye5n-c1rk,142,2020-04-13T04:37:36Z,2,5,1
124,https://www.youtube.com/watch?v=c1RK-DxETvo,6,2019-12-30T16:48:43Z,0,1,0
125,https://www.youtube.com/watch?v=dAyxCp-c1Rk,25,2018-05-28T04:10:28Z,0,0,0
126,https://www.youtube.com/watch?v=NYWK5j-c1Rk,170,2018-03-09T02:28:24Z,0,7,0
127,https://www.youtube.com/watch?v=b1xxQ_-C1Rk,19906,2013-02-04T20:11:32Z,18,0,0
128,https://www.youtube.com/watch?v=dcPGIN-c1rk,10802,2013-02-23T16:00:31Z,7,61,8
129,https://www.youtube.com/watch?v=-C1Rk-69qXs,8,2020-06-07T06:02:07Z,0,2,0
130,https://www.youtube.com/watch?v=0eMjB5-c1Rk,682,2020-02-03T03:29:38Z,7,45,1
131,https://www.youtube.com/watch?v=C1Rk-CYiSLA,704,2020-04-26T16:09:26Z,4,26,0
132,https://www.youtube.com/watch?v=C1rK-XmnJOE,952,2019-05-27T05:43:45Z,0,5,0
133,https://www.youtube.com/watch?v=fcR1XeFq6XE,934,2020-05-02T01:53:33Z,6,25,2
134,https://www.youtube.com/watch?v=js4JW6-C1Rk,115,2019-01-06T09:45:11Z,2,6,0
135,https://www.youtube.com/watch?v=Xw2O8P-C1rk,530,2019-01-28T21:43:50Z,8,8,5
136,https://www.youtube.com/watch?v=m-aW6J6kmnA,12075,2017-03-02T20:48:53Z,34,156,34
137,https://www.youtube.com/watch?v=JH-T8N5Aw-c,540840,2016-11-06T16:05:06Z,143,2009,185
138,https://www.youtube.com/watch?v=62u8FDwgpxo,289,2020-07-08T09:08:27Z,22,40,1
139,https://www.youtube.com/watch?v=pc-g0tUtrZo,89690,2017-05-15T16:00:06Z,28,144,29
140,https://www.youtube.com/watch?v=btE7LmdsmF0,109141,2015-11-08T20:00:01Z,33,289,13
141,https://www.youtube.com/watch?v=whcaytVBOz8,256257,2015-11-08T20:00:03Z,36,957,45
142,https://www.youtube.com/watch?v=KVtfyP-7L3E,78313,2013-06-27T22:24:18Z,5,60,3
143,https://www.youtube.com/watch?v=YIBOtC5d9n0,1061591,2017-10-16T11:19:35Z,122,6667,327
144,https://www.youtube.com/watch?v=yQELwmgxprM,402787,2017-12-20T16:00:05Z,114,255,72
145,https://www.youtube.com/watch?v=aIEr8rxyFlU,5796,2013-07-07T04:32:53Z,0,8,3
146,https://www.youtube.com/watch?v=nC2C_4fk6Uo,44272,2015-11-08T20:00:02Z,3,195,10
147,https://www.youtube.com/watch?v=K5Z8R2p6MaA,7837,2018-11-04T17:00:01Z,18,95,39
148,https://www.youtube.com/watch?v=MdPYkH2x1jo,3394,2012-03-16T12:28:54Z,1,11,0
149,https://www.youtube.com/watch?v=MQZc4Qis22s,23518,2017-11-19T16:12:19Z,16,174,12
150,https://www.youtube.com/watch?v=ZCaO-nDYj2U,574520,2016-11-06T15:46:08Z,310,1712,579
151,https://www.youtube.com/watch?v=Zd9OwgCWzJM,739719,2016-11-06T15:54:38Z,370,5111,183
152,https://www.youtube.com/watch?v=y_Qf-DKb75o,5122893,2015-11-09T20:00:02Z,335,11929,990
153,https://www.youtube.com/watch?v=HLLRO9OFnHg,6307,2019-11-06T15:09:00Z,6,88,6
154,https://www.youtube.com/watch?v=ETd8MHrdxEI,940,2012-03-01T07:28:20Z,0,0,0
155,https://www.youtube.com/watch?v=BCK3WoLmtC8,519,2020-05-05T07:35:15Z,0,7,1
156,https://www.youtube.com/watch?v=pzfA_DBldrQ,4114,2020-04-13T15:57:55Z,6,23,2
157,https://www.youtube.com/watch?v=9M-3ifFmsDg,40,2020-04-13T12:28:14Z,0,1,0
158,https://www.youtube.com/watch?v=8Ui9LddRCks,219,2015-03-02T16:54:28Z,0,1,0
159,https://www.youtube.com/watch?v=6MZ110cf9Yc,0,2016-04-18T18:17:43Z,0,0,0
160,https://www.youtube.com/watch?v=MkwkVTPwB4E,142,2020-03-30T06:24:47Z,0,1,0
161,https://www.youtube.com/watch?v=MvxECdVr9TE,13450,2020-03-21T07:57:39Z,36,61,6
162,https://www.youtube.com/watch?v=lvCdfAMvCtM,6,2020-04-23T07:22:09Z,1,0,0
163,https://www.youtube.com/watch?v=crnF5YLbp24,514,2017-03-08T14:49:29Z,0,6,0
164,https://www.youtube.com/watch?v=lDjSdfmwXlo,4571,2020-07-13T08:59:56Z,19,117,29
165,https://www.youtube.com/watch?v=wXL-8pdP-NY,11,2020-07-15T07:46:04Z,0,0,0
166,https://www.youtube.com/watch?v=YoqIdJjwlc4,103,2020-06-13T22:00:08Z,2,12,0
167,https://www.youtube.com/watch?v=K_9rKXHAdbc,99,2020-05-13T13:18:39Z,0,4,0
168,https://www.youtube.com/watch?v=tcjrIMuJrbs,4374,2016-09-23T14:46:56Z,34,40,4
169,https://www.youtube.com/watch?v=B6-8pdp-1Fs,1034,2020-05-01T15:54:37Z,104,51,6
170,https://www.youtube.com/watch?v=bivr8hok9JQ,415,2017-07-07T03:49:37Z,1,1,1
171,https://www.youtube.com/watch?v=XNWoM-khSZ0,33,2020-05-06T03:08:21Z,0,0,0
172,https://www.youtube.com/watch?v=fXU5ZJD2gZI,130,2020-03-31T08:41:13Z,0,2,0
173,https://www.youtube.com/watch?v=sX5SY1-4cGI,7,2020-07-14T05:23:54Z,0,0,0
174,https://www.youtube.com/watch?v=j-4z0F-rmhw,44,2017-05-29T00:18:03Z,0,2,0
175,https://www.youtube.com/watch?v=and_WvzsuIM,431,2017-03-08T14:52:23Z,0,1,0
176,https://www.youtube.com/watch?v=VHKOEFTdxdM,34920,2018-01-05T17:00:04Z,376,1648,26
177,https://www.youtube.com/watch?v=BeE-4FWNeCA,3,2020-04-02T05:47:41Z,0,0,0
178,https://www.youtube.com/watch?v=aRyuDi0TjWo,376,2020-06-18T02:30:00Z,26,20,0
179,https://www.youtube.com/watch?v=79VCtyXEEdg,242,2020-03-29T00:41:46Z,2,1,0
180,https://www.youtube.com/watch?v=H-iGr6HFhyI,150,2020-04-01T09:03:14Z,0,1,0
181,https://www.youtube.com/watch?v=Ml_uDsx82QY,5959,2018-03-28T20:49:08Z,20,162,2
182,https://www.youtube.com/watch?v=LXUij9oV0go,26,2020-04-07T18:07:22Z,0,0,0
183,https://www.youtube.com/watch?v=oZPY-oiUXCQ,878929,2017-01-24T06:05:16Z,216,8043,397
184,https://www.youtube.com/watch?v=z31QMa-ozpY,319,2018-12-24T02:00:18Z,0,3,1
185,https://www.youtube.com/watch?v=t4c6jY-oZpY,770,2017-02-20T12:24:02Z,3,12,1
186,https://www.youtube.com/watch?v=avHpUj-OZpY,21374,2019-03-13T14:40:19Z,57,635,16
187,https://www.youtube.com/watch?v=oZPY-iNFm44,2364,2019-04-23T07:07:24Z,4,51,1
188,https://www.youtube.com/watch?v=wd-oZPy-wf0,10344,2017-02-14T07:21:53Z,3,26,2
189,https://www.youtube.com/watch?v=F5FlN-NBGo8,74616666,2010-12-13T07:25:07Z,4399,137875,4640
190,https://www.youtube.com/watch?v=SoAvoK-oZPY,1092,2019-05-21T22:05:45Z,1,6,0
191,https://www.youtube.com/watch?v=eD0YnK-OzpY,95,2019-09-12T06:22:18Z,0,0,0
192,https://www.youtube.com/watch?v=m9eoYjo5W8c,14926404,2012-12-25T16:44:58Z,1430,60204,1595
193,https://www.youtube.com/watch?v=NhzYXq-oZpY,10931,2020-05-21T10:15:50Z,22,99,17
194,https://www.youtube.com/watch?v=IOUy74-OzPY,368,2018-04-01T22:56:34Z,0,11,0
195,https://www.youtube.com/watch?v=ozPY-3Uv40k,12820,2015-03-13T23:06:02Z,6,101,8
196,https://www.youtube.com/watch?v=RmHb8a-OzpY,37,2016-09-22T11:54:27Z,0,0,0
197,https://www.youtube.com/watch?v=oZpy-VypOMY,127,2020-05-18T17:49:44Z,0,23,0
198,https://www.youtube.com/watch?v=NENIba-OzpY,36,2020-04-05T01:16:12Z,0,3,0
199,https://www.youtube.com/watch?v=fu31QZ-OzPY,348,2020-01-12T12:14:12Z,0,13,1
200,https://www.youtube.com/watch?v=NEpi1Z-OZpY,65,2014-03-18T10:33:37Z,0,0,0
201,https://www.youtube.com/watch?v=7Mrzd6-oZPY,44,2017-05-17T17:11:01Z,0,3,1
202,https://www.youtube.com/watch?v=oZpY-8NwQMw,112,2009-04-08T03:58:16Z,0,1,1
203,https://www.youtube.com/watch?v=OzPy-xH3K6E,40,2020-04-18T06:02:59Z,0,1,0
204,https://www.youtube.com/watch?v=oZpY-KuhtuM,25,2018-10-27T13:08:10Z,0,0,0
205,https://www.youtube.com/watch?v=OZpY-_z4p_s,6,2018-05-10T05:36:20Z,0,1,0
206,https://www.youtube.com/watch?v=CpsZwB63zmA,23449085,2013-01-29T03:58:58Z,2039,83459,2269
207,https://www.youtube.com/watch?v=oZPy-zUuQdU,14,2020-05-09T14:29:26Z,0,8,0
208,https://www.youtube.com/watch?v=mGnIQJIg1OI,32105,2014-10-28T10:46:31Z,10,165,5
209,https://www.youtube.com/watch?v=NN53vC-oZPY,2065,2009-03-09T13:55:55Z,3,7,0
210,https://www.youtube.com/watch?v=7w0j-fQRqYE,3990,2015-11-04T17:44:53Z,3,51,3
211,https://www.youtube.com/watch?v=7W0j-M8MNGo,11,2018-12-08T14:53:06Z,0,0,0
212,https://www.youtube.com/watch?v=7w0j-V3Pqo0,39339,2012-01-26T17:33:48Z,44,265,4
213,https://www.youtube.com/watch?v=7W0J-Hk29ys,79,2012-06-06T18:01:27Z,0,1,0
214,https://www.youtube.com/watch?v=7W0j-bJ9SFk,25327,2018-04-20T18:30:09Z,1,67,9
215,https://www.youtube.com/watch?v=7w0j-gP3R74,0,2019-05-10T00:38:25Z,0,0,0
216,https://www.youtube.com/watch?v=7w0J-QLU-Bo,25,2019-08-25T13:38:51Z,0,1,0
217,https://www.youtube.com/watch?v=7w0j-RQB5xw,1387,2015-04-02T07:29:00Z,1,8,3
218,https://www.youtube.com/watch?v=7W0J-tJSzF8,1273,2018-08-06T10:13:09Z,0,6,0
219,https://www.youtube.com/watch?v=7w0j-4m9WPE,489,2015-05-20T16:29:30Z,7,2,1
220,https://www.youtube.com/watch?v=85Ea3-lSZsc,25302,2018-01-18T18:59:40Z,43,268,38
221,https://www.youtube.com/watch?v=7W0j-WXqpxI,207,2014-09-03T08:56:07Z,1,2,0
222,https://www.youtube.com/watch?v=ZxO-7W0J-EA,90,2018-02-26T21:10:50Z,0,2,0
223,https://www.youtube.com/watch?v=7W0J-sedV5A,575,2012-11-10T03:41:12Z,2,10,0
224,https://www.youtube.com/watch?v=7W0J-DVruEs,45,2019-02-17T19:05:21Z,0,3,0
225,https://www.youtube.com/watch?v=7W0J-yk3GRU,74,2015-11-01T21:19:11Z,0,4,0
226,https://www.youtube.com/watch?v=7w0j-zW7x5I,145,2013-07-28T10:59:06Z,0,2,1
227,https://www.youtube.com/watch?v=7W0j--cTcSU,68,2008-10-31T00:06:04Z,1,0,0
228,https://www.youtube.com/watch?v=7W0j-MCW7ec,8,2020-01-27T18:09:34Z,0,2,0
229,https://www.youtube.com/watch?v=7w0J-bIyNeA,55,2014-04-12T18:04:46Z,0,2,0
230,https://www.youtube.com/watch?v=7w0j-Pun794,3,2016-05-03T02:04:23Z,0,0,0
231,https://www.youtube.com/watch?v=7W0J-WwnCtY,0,2020-06-22T14:25:18Z,0,0,0
232,https://www.youtube.com/watch?v=7w0J-4mk9sQ,15,2019-12-16T01:09:00Z,1,3,0
233,https://www.youtube.com/watch?v=7w0J-bAVSos,17,2017-12-07T17:22:56Z,0,0,0
234,https://www.youtube.com/watch?v=xdm0famvu9Y,512,2014-02-17T22:03:32Z,8,8,3
235,https://www.youtube.com/watch?v=W4xLelclnSc,686384,2019-01-11T18:20:54Z,10570,20936,1962
236,https://www.youtube.com/watch?v=SXckr46ZJXc,40973,2020-04-01T04:32:39Z,0,1188,100
237,https://www.youtube.com/watch?v=VMARLukUnAY,8621,2020-07-21T19:08:41Z,0,1238,188
238,https://www.youtube.com/watch?v=ttyM-du0Q-g,8,2020-06-04T09:23:41Z,1,1,0
239,https://www.youtube.com/watch?v=Z3JrjY-du0Q,17,2020-04-05T00:05:59Z,0,1,0
240,https://www.youtube.com/watch?v=dU0Q-zwRuk0,3240,2019-09-18T14:37:23Z,0,38,2
241,https://www.youtube.com/watch?v=7YdxeVCGr4k,765051,2020-07-16T07:00:10Z,0,22028,3259
242,https://www.youtube.com/watch?v=dU0q-pti2JA,101,2019-10-25T13:48:56Z,66,32,0
243,https://www.youtube.com/watch?v=HlLQ-6gfbrI,216,2018-08-11T07:54:34Z,4,20,0
244,https://www.youtube.com/watch?v=CBrbAMJ1z4M,12611,2020-06-25T19:43:29Z,166,1060,152
245,https://www.youtube.com/watch?v=srrbehpkTOc,48852,2020-07-04T08:10:57Z,0,1925,792
246,https://www.youtube.com/watch?v=JXxE3guzOHY,6607,2020-07-22T20:03:40Z,0,634,50
247,https://www.youtube.com/watch?v=JZYEnbGOc3E,34062,2020-07-07T08:06:19Z,0,1509,824
248,https://www.youtube.com/watch?v=6v3Ige-DU0Q,112,2020-04-21T21:35:44Z,1,6,0
249,https://www.youtube.com/watch?v=eEsj-u-DU0Q,4713,2013-08-06T16:06:36Z,1,31,0
250,https://www.youtube.com/watch?v=ngCszzK9Kcc,15895,2020-04-04T03:17:35Z,0,802,157
251,https://www.youtube.com/watch?v=LK8M5l7_k74,1472737,2020-04-17T19:55:01Z,0,19499,3227
252,https://www.youtube.com/watch?v=D8-WwH7929c,95960,2020-05-25T13:23:23Z,0,2596,404
253,https://www.youtube.com/watch?v=hFFwwhN61Ys,13164,2020-07-15T07:00:11Z,0,682,80
254,https://www.youtube.com/watch?v=tsE-Du0q-Co,52586,2020-02-18T01:14:52Z,116,55,650
255,https://www.youtube.com/watch?v=JJ_d-f9hVqI,9634,2020-06-16T12:13:25Z,0,602,122
256,https://www.youtube.com/watch?v=M6fEeobw63o,1146489,2020-02-24T12:00:11Z,0,14399,4417
257,https://www.youtube.com/watch?v=_3rP7cxv2ew,8706,2020-04-09T05:54:00Z,0,464,39
258,https://www.youtube.com/watch?v=KiJKHtKaNQs,3514,2020-03-31T04:15:09Z,0,164,21
259,https://www.youtube.com/watch?v=IYEX3ylyTbY,9962,2020-04-26T20:31:20Z,0,398,172
260,https://www.youtube.com/watch?v=hXBpwY-Du0Q,1,2020-02-27T03:19:35Z,0,1,0
261,https://www.youtube.com/watch?v=Du0Q-erDKM8,48,2018-07-31T16:49:22Z,0,4,0
262,https://www.youtube.com/watch?v=HJQkQvIrOrQ,80,2013-11-09T09:17:46Z,0,2,0
263,https://www.youtube.com/watch?v=ZlYhEwuvyQQ,7,2018-06-02T18:42:25Z,0,1,0
264,https://www.youtube.com/watch?v=lVzH-mn24nY,64,2019-01-14T15:03:18Z,0,6,0
265,https://www.youtube.com/watch?v=agWVbsQ9MLI,2,2017-11-08T23:18:55Z,0,1,0
266,https://www.youtube.com/watch?v=LVzh-765III,174,2014-05-02T18:15:55Z,0,1,0
267,https://www.youtube.com/watch?v=WwcvERzZunw,82,2016-03-26T14:08:31Z,0,0,0
268,https://www.youtube.com/watch?v=lx9-i7S4vWo,13,2016-04-04T22:43:15Z,0,0,0
269,https://www.youtube.com/watch?v=4RW49jN6udo,27,2016-04-01T22:33:50Z,0,0,0
270,https://www.youtube.com/watch?v=uHX66frQt4Y,46,2016-03-26T14:19:46Z,0,0,0
271,https://www.youtube.com/watch?v=5o87pS60WVg,31,2016-04-01T22:28:36Z,0,0,0
272,https://www.youtube.com/watch?v=RokR2bMDQOs,13,2016-04-04T22:30:53Z,0,0,0
273,https://www.youtube.com/watch?v=lvZh-3ZbvzM,240,2019-05-28T17:46:57Z,0,4,0
274,https://www.youtube.com/watch?v=Lvzh-Xsv4dk,876154,2019-12-08T03:00:02Z,97,5482,304
275,https://www.youtube.com/watch?v=LVzH-RbJDCE,8,2019-02-13T20:35:05Z,0,0,0
276,https://www.youtube.com/watch?v=LVzH-rf-2V8,7695,2015-04-29T00:50:47Z,1,36,6
277,https://www.youtube.com/watch?v=LVzh-Sn7mqI,14,2019-04-04T12:17:50Z,0,1,0
278,https://www.youtube.com/watch?v=lVzH-0DZ75M,2,2019-09-14T17:52:03Z,0,0,0
279,https://www.youtube.com/watch?v=LVZH-H0E5UI,226,2017-03-08T12:53:45Z,0,3,0
280,https://www.youtube.com/watch?v=Lvzh-Y07lIY,60,2019-10-15T07:02:24Z,0,5,0
281,https://www.youtube.com/watch?v=lVZH-iCXVTA,707,2020-02-03T20:44:54Z,7,29,9
282,https://www.youtube.com/watch?v=lVzH-B2ZjY4,1702,2017-08-08T05:12:32Z,9,43,0
283,https://www.youtube.com/watch?v=lVZh-60SSFE,188,2013-04-17T09:09:56Z,0,0,0
284,https://www.youtube.com/watch?v=Lvzh--PujGs,55,2019-12-01T07:38:41Z,0,2,0
285,https://www.youtube.com/watch?v=LvZh-1OdBA8,196,2020-01-23T11:00:04Z,0,23,1
286,https://www.youtube.com/watch?v=LVzH-p_DgOE,931,2016-09-15T16:03:04Z,0,2,0
287,https://www.youtube.com/watch?v=Lvzh-CcAgeQ,31,2019-03-11T20:06:54Z,0,1,0
288,https://www.youtube.com/watch?v=lvzh-feYVnA,2417,2016-06-29T11:29:54Z,0,2,0
289,https://www.youtube.com/watch?v=lvZh-_0BjLc,81,2011-02-20T06:18:47Z,0,2,0
290,https://www.youtube.com/watch?v=ON_OUiVSmQ0,200445,2017-11-28T20:29:24Z,65,1381,62
291,https://www.youtube.com/watch?v=4R4WIlXkeMM,633,2010-10-04T23:05:07Z,0,1,0
292,https://www.youtube.com/watch?v=ng1eK1AD8ww,1598768,2015-12-14T15:12:07Z,44,14670,325
293,https://www.youtube.com/watch?v=9oG2beJV52c,152870,2016-02-22T17:34:20Z,14,2329,28
294,https://www.youtube.com/watch?v=uc8uJhIZjAw,4,2020-06-17T04:02:55Z,0,0,0
295,https://www.youtube.com/watch?v=p8zXssMrQdE,6633,2019-05-28T21:11:45Z,22,549,11
296,https://www.youtube.com/watch?v=cG5qNrUYxI0,699117,2017-06-19T20:05:36Z,50,7196,209
297,https://www.youtube.com/watch?v=MrKut5gOlR0,52259,2015-09-07T15:59:59Z,3,176,9
298,https://www.youtube.com/watch?v=d2N8XC8C808,28,2015-07-21T19:31:05Z,0,0,0
299,https://www.youtube.com/watch?v=a0pNWKoa3b0,12998,2015-04-19T18:44:49Z,2,76,6
300,https://www.youtube.com/watch?v=x5BdoYTTgW0,37480,2016-04-18T16:17:12Z,10,331,3
301,https://www.youtube.com/watch?v=0IpEJ1T62kY,70976,2018-06-18T21:03:49Z,30,1085,33
302,https://www.youtube.com/watch?v=q54cI0IbkaA,18316,2015-04-19T18:41:40Z,4,119,4
303,https://www.youtube.com/watch?v=d7A38MbFtcE,9,2017-01-25T09:50:35Z,0,1,0
304,https://www.youtube.com/watch?v=UfvxZFxpbMM,9672,2016-10-04T18:22:15Z,3,96,4
305,https://www.youtube.com/watch?v=c5PF_mJsc5k,54021,2017-07-11T17:36:05Z,5,665,16
306,https://www.youtube.com/watch?v=PtlLSdPNsdU,73020,2018-09-04T17:43:12Z,42,1505,41
307,https://www.youtube.com/watch?v=OG0eRcU6wlI,39327,2018-04-24T20:55:36Z,38,516,13
308,https://www.youtube.com/watch?v=Ko09zkIq2Ec,156,2015-05-19T22:35:33Z,0,0,0
309,https://www.youtube.com/watch?v=cnHfc-X4DMM,79707,2017-04-26T22:38:50Z,24,1378,17
310,https://www.youtube.com/watch?v=sO2eMJw-dzc,36,2014-12-14T07:43:06Z,0,1,0
311,https://www.youtube.com/watch?v=GjS8qTCuxOc,23670,2017-11-01T17:26:48Z,3,244,18
312,https://www.youtube.com/watch?v=kMDMiNb9YGg,32747,2016-10-31T19:35:56Z,3,370,6
313,https://www.youtube.com/watch?v=EvYSJAJT0pU,813,2019-10-06T07:53:19Z,2,39,2
314,https://www.youtube.com/watch?v=GTxzTpdDCoA,329,2014-06-09T14:35:12Z,0,0,0
315,https://www.youtube.com/watch?v=5wDtnduxPXw,17458,2016-11-07T15:54:40Z,14,181,1
316,https://www.youtube.com/watch?v=a4gkCqoiLFQ,36368,2016-07-06T17:08:54Z,20,337,7
317,https://www.youtube.com/watch?v=ZOJTlvFTsJE,1106,2013-08-30T03:39:22Z,0,0,0
318,https://www.youtube.com/watch?v=rx4Iso9cStU,9,2019-08-22T00:19:13Z,0,0,0
319,https://www.youtube.com/watch?v=mYFxYaVvkIM,84541,2016-10-04T18:44:28Z,10,1299,15
320,https://www.youtube.com/watch?v=aI7cG6-k7fQ,1584,2019-12-30T03:27:44Z,2,0,0
321,https://www.youtube.com/watch?v=VK9eqG-K7FQ,1908,2020-02-10T12:08:37Z,0,38,4
322,https://www.youtube.com/watch?v=D-KLBQ-k7FQ,46646,2020-01-23T15:21:45Z,8,643,14
323,https://www.youtube.com/watch?v=UwrEj09ced0,71901,2018-05-23T07:23:12Z,2,20,2
324,https://www.youtube.com/watch?v=k7fq-r6Vcek,21,2019-05-30T10:26:59Z,0,3,0
325,https://www.youtube.com/watch?v=Eyvj1cvAab4,10731,2019-02-02T20:34:37Z,86,211,10
326,https://www.youtube.com/watch?v=kQnrei-K7FQ,29,2014-02-21T08:31:25Z,0,0,0
327,https://www.youtube.com/watch?v=5Kphn1-k7fQ,7,2019-07-15T09:03:40Z,0,1,0
328,https://www.youtube.com/watch?v=0Ygd-K7FQ-s,347,2020-03-25T17:35:31Z,3,12,0
329,https://www.youtube.com/watch?v=fdjcJ2-k7fQ,37,2016-02-19T15:22:48Z,0,1,0
330,https://www.youtube.com/watch?v=FUPOT7-k7fQ,47,2020-05-05T14:44:51Z,0,7,0
331,https://www.youtube.com/watch?v=VDsafe-k7fQ,467,2019-12-15T04:00:01Z,0,3,1
332,https://www.youtube.com/watch?v=k7fq-92Phjo,1,2018-07-08T02:39:34Z,0,0,0
333,https://www.youtube.com/watch?v=P7UrJj-k7FQ,18,2018-04-12T14:41:54Z,0,2,0
334,https://www.youtube.com/watch?v=2DzXSV-K7fQ,0,2020-03-23T07:27:38Z,0,0,0
335,https://www.youtube.com/watch?v=IK_iUs-K7fQ,21,2020-04-26T16:25:32Z,0,1,0
336,https://www.youtube.com/watch?v=6lEtMM-k7fQ,93,2020-07-11T10:10:56Z,1,15,0
337,https://www.youtube.com/watch?v=HKYUk2-k7FQ,4,2018-04-02T17:15:46Z,0,1,0
338,https://www.youtube.com/watch?v=K7fq-qnd_Cc,2850,2015-06-28T14:34:00Z,0,0,0
339,https://www.youtube.com/watch?v=4-MWVm-K7FQ,36,2018-12-17T08:36:25Z,0,4,0
340,https://www.youtube.com/watch?v=-tgAbl-K7fQ,81,2014-08-18T20:42:12Z,0,2,0
341,https://www.youtube.com/watch?v=WPm7wD-k7fQ,4266,2011-10-17T15:20:22Z,0,13,1
342,https://www.youtube.com/watch?v=1pL7GO-K7fQ,2,2019-04-15T15:50:28Z,0,0,0
343,https://www.youtube.com/watch?v=k7Fq-Sdmupk,22,2018-04-07T16:21:26Z,0,1,0
344,https://www.youtube.com/watch?v=mmu5sH-6o5U,802,2019-04-02T16:07:50Z,0,15,1
345,https://www.youtube.com/watch?v=6O5u-e9oegA,420,2019-05-27T23:20:45Z,3,9,2
346,https://www.youtube.com/watch?v=-6O5u-pw9iU,8,2020-06-20T16:30:30Z,0,0,0
347,https://www.youtube.com/watch?v=6o5U-4t2dFE,7,2020-02-07T15:11:26Z,0,0,0
348,https://www.youtube.com/watch?v=6O5u-eNjyDg,1556,2019-01-05T10:00:00Z,1,12,1
349,https://www.youtube.com/watch?v=dPG5oh-6o5U,14,2020-06-05T07:45:13Z,0,1,0
350,https://www.youtube.com/watch?v=6o5U-mQeWig,40,2018-08-16T19:12:42Z,0,0,0
351,https://www.youtube.com/watch?v=6O5u-pTzIzI,570,2016-12-12T20:26:49Z,0,17,1
352,https://www.youtube.com/watch?v=aYtX9O-6o5U,3423,2018-03-25T16:52:52Z,36,98,5
353,https://www.youtube.com/watch?v=zrM3_G-6O5U,5,2018-03-28T18:31:41Z,0,1,0
354,https://www.youtube.com/watch?v=E0jf-4-6o5U,58,2020-01-25T02:37:37Z,7,0,0
355,https://www.youtube.com/watch?v=l45cJ5-6O5U,16,2018-04-07T17:58:50Z,0,3,1
356,https://www.youtube.com/watch?v=6O5u-qCWcyI,84,2019-06-24T11:57:34Z,0,4,0
357,https://www.youtube.com/watch?v=r_FREl-6o5U,7,2020-01-19T18:38:37Z,0,1,0
358,https://www.youtube.com/watch?v=6O5u-VdD5tY,5633,2020-06-01T09:10:58Z,1,30,1
359,https://www.youtube.com/watch?v=OdIzGz-6o5U,30,2016-09-05T20:00:12Z,0,1,0
360,https://www.youtube.com/watch?v=6O5u-MfEDu0,0,2019-04-02T15:02:32Z,0,0,0
361,https://www.youtube.com/watch?v=Zwep-6O5U-g,37,2020-01-17T19:02:46Z,4,6,0
362,https://www.youtube.com/watch?v=NxkSzx-6O5U,54,2016-05-01T20:04:09Z,0,7,0
363,https://www.youtube.com/watch?v=y0OC_n-6o5U,51,2014-03-06T03:29:29Z,0,1,0
364,https://www.youtube.com/watch?v=6O5U-f3gcTQ,33,2015-09-27T14:45:05Z,0,2,0
365,https://www.youtube.com/watch?v=pd_urS-6O5U,98,2012-04-05T13:58:24Z,0,2,1
366,https://www.youtube.com/watch?v=6o5u-qdSfw8,6,2019-07-14T15:27:38Z,1,2,0
367,https://www.youtube.com/watch?v=6o5U-cT0Bbo,6,2020-06-04T12:56:29Z,1,0,0
368,https://www.youtube.com/watch?v=6O5u-3qMwg4,14,2020-02-21T18:44:49Z,0,6,0
369,https://www.youtube.com/watch?v=oRv77W-6O5U,5,2020-05-13T06:36:58Z,0,1,0
370,https://www.youtube.com/watch?v=9py_2o-6o5U,144,2019-03-07T06:19:33Z,6,22,0
371,https://www.youtube.com/watch?v=gooPmmPmhcI,467088,2019-04-10T17:44:21Z,1414,2964,635
372,https://www.youtube.com/watch?v=QG6yfT-6O5U,277,2017-09-15T17:21:30Z,3,21,0
373,https://www.youtube.com/watch?v=6o5U-rKzYZI,1,2020-05-10T18:34:39Z,0,0,0
374,https://www.youtube.com/watch?v=oXQI9QxbycA,2,2020-05-08T11:15:11Z,0,1,0
375,https://www.youtube.com/watch?v=ZrgURkEvo8c,6,2019-12-06T10:01:07Z,0,1,0
376,https://www.youtube.com/watch?v=5HFB-xsuYjA,558,2020-03-27T13:00:10Z,2,14,0
377,https://www.youtube.com/watch?v=5hfb-XvGgyg,1302,2019-08-16T02:30:07Z,8,68,2
378,https://www.youtube.com/watch?v=BVINxX5Wb5o,339790,2017-06-20T21:00:00Z,885,9542,146
379,https://www.youtube.com/watch?v=5hFB-h7QMq4,147,2020-06-28T11:47:29Z,0,4,0
380,https://www.youtube.com/watch?v=9CxKR9KguEM,231,2016-09-29T15:09:23Z,0,0,0
381,https://www.youtube.com/watch?v=5Hfb-kbv4LU,16515,2019-04-25T13:12:51Z,54,408,33
382,https://www.youtube.com/watch?v=5HFB-cSJdX4,85,2020-06-25T00:32:30Z,25,11,2
383,https://www.youtube.com/watch?v=5HfB-Re7cjo,2,2019-09-22T00:16:59Z,0,0,0
384,https://www.youtube.com/watch?v=5HFB-BkBRME,51,2019-09-17T03:41:10Z,3,7,0
385,https://www.youtube.com/watch?v=WxnnjU0UoiU,3327,2018-03-08T09:22:50Z,15,59,4
386,https://www.youtube.com/watch?v=5hfB-dVs0EI,219,2017-02-07T04:28:44Z,0,2,0
387,https://www.youtube.com/watch?v=5hfb-cviI1I,180,2017-03-23T04:05:43Z,28,37,0
388,https://www.youtube.com/watch?v=5Hfb-E3OflM,93,2019-05-15T03:56:31Z,3,4,0
389,https://www.youtube.com/watch?v=5hfB-QDeNqo,2259,2014-06-19T07:29:23Z,2,22,0
390,https://www.youtube.com/watch?v=5hFb-YtRGnk,240,2018-05-07T01:58:47Z,0,8,0
391,https://www.youtube.com/watch?v=5hfB-Eavx24,175,2018-01-15T18:51:00Z,0,10,0
392,https://www.youtube.com/watch?v=--5HfB-qBLU,1014,2014-07-02T13:58:24Z,0,3,0
393,https://www.youtube.com/watch?v=5HFB-4dPktU,30,2015-02-16T22:41:26Z,0,0,0
394,https://www.youtube.com/watch?v=pF5HFB-kKEE,18,2016-10-24T05:09:37Z,0,0,0
395,https://www.youtube.com/watch?v=5Hfb-qw_La0,107,2017-03-05T21:28:07Z,1,4,0
396,https://www.youtube.com/watch?v=5hfB-V6HI0E,491,2013-05-22T13:53:57Z,1,2,0
397,https://www.youtube.com/watch?v=8fr8AgOhcPE,38,2019-05-10T14:53:25Z,0,4,0
398,https://www.youtube.com/watch?v=5hFb-ZQE_4A,8,2015-01-23T22:40:09Z,0,0,0
399,https://www.youtube.com/watch?v=5nVU-5zctKg,6,2020-07-20T09:47:22Z,0,1,0
400,https://www.youtube.com/watch?v=0O_UE0-5NVU,2135,2020-03-24T02:49:16Z,9,75,2
401,https://www.youtube.com/watch?v=Q6yvGy-5nVU,64943,2020-04-19T17:09:58Z,43,357,20
402,https://www.youtube.com/watch?v=izFqRI-5nVU,284,2019-03-11T08:43:55Z,5,5,0
403,https://www.youtube.com/watch?v=lzW1aF-5nvU,4,2020-07-22T12:48:04Z,0,1,0
404,https://www.youtube.com/watch?v=5NVU-71jngU,122,2010-09-01T00:14:05Z,1,1,0
405,https://www.youtube.com/watch?v=5nVu-oBZoWo,164,2009-06-09T20:12:54Z,0,2,0
406,https://www.youtube.com/watch?v=BShmKL-5NVU,7964,2019-08-26T08:29:08Z,0,81,7
407,https://www.youtube.com/watch?v=VDcP4--5NvU,152,2019-07-29T12:35:10Z,0,2,0
408,https://www.youtube.com/watch?v=5nvu-QBjlcw,350,2008-11-24T17:04:30Z,0,1,0
409,https://www.youtube.com/watch?v=5NVU-N1ys2U,86,2020-04-24T00:59:35Z,1,4,1
410,https://www.youtube.com/watch?v=DoZHlh-5NvU,99,2018-11-18T18:53:47Z,3,7,0
411,https://www.youtube.com/watch?v=5NVU-FoGZB4,3,2020-06-08T04:33:11Z,0,0,0
412,https://www.youtube.com/watch?v=lqN_nO-5nVU,24,2019-02-23T19:01:58Z,4,6,0
413,https://www.youtube.com/watch?v=di9QLK-5nvU,86,2020-02-11T06:28:13Z,7,7,1
414,https://www.youtube.com/watch?v=31W1OK-5NvU,23,2020-02-10T11:23:56Z,0,1,0
415,https://www.youtube.com/watch?v=uahb6FZHekI,236248,2015-05-28T23:02:00Z,141,1033,366
416,https://www.youtube.com/watch?v=H6f6FGHJ4HU,129,2013-02-28T00:56:13Z,1,4,0
417,https://www.youtube.com/watch?v=5nVU-G9KIOk,32,2017-10-14T12:32:42Z,0,6,0
418,https://www.youtube.com/watch?v=BTtvBI-5nVU,2030,2020-04-05T04:30:12Z,2,45,3
419,https://www.youtube.com/watch?v=3N9GbC-5NvU,4474,2018-08-10T22:16:12Z,63,396,4
420,https://www.youtube.com/watch?v=ut66jtmMh6k,53127,2015-04-04T18:16:39Z,54,187,209
421,https://www.youtube.com/watch?v=3eQAm5-5NVU,63,2019-04-23T22:12:22Z,0,6,0
422,https://www.youtube.com/watch?v=2jwdMsHFncU,284,2014-09-28T20:58:05Z,0,5,0
423,https://www.youtube.com/watch?v=5NVU-3G5gMo,24,2020-05-08T02:17:37Z,0,0,0
424,https://www.youtube.com/watch?v=FpOp8G-5nvU,7167,2016-10-16T12:06:03Z,30,44,3
425,https://www.youtube.com/watch?v=5NVu-8j-5rk,2,2019-12-01T06:44:56Z,0,0,0
426,https://www.youtube.com/watch?v=vs3CUK-5nVU,2,2018-05-12T15:08:13Z,0,0,0
427,https://www.youtube.com/watch?v=di0cFetow48,539,2020-06-29T10:03:13Z,25,71,0
428,https://www.youtube.com/watch?v=j6_pGfOrE20,43,2009-05-08T03:36:19Z,0,1,0
429,https://www.youtube.com/watch?v=zW6PIGx18_U,185,2011-08-12T00:13:37Z,0,0,0
430,https://www.youtube.com/watch?v=Zjuh-rnrJVo,4213,2017-10-10T01:15:36Z,8,24,4
431,https://www.youtube.com/watch?v=zJUH-LgAikM,91,2020-07-19T17:01:35Z,8,19,0
432,https://www.youtube.com/watch?v=ZJuh-vWJWY4,1009,2019-05-07T09:52:10Z,0,29,0
433,https://www.youtube.com/watch?v=jyr-EO1S-cY,7468,2019-02-19T01:14:51Z,23,137,12
434,https://www.youtube.com/watch?v=ZJUh-n7yGnw,229,2020-02-09T18:04:08Z,0,25,0
435,https://www.youtube.com/watch?v=CZc4-ZJUh-E,532,2020-04-12T02:47:19Z,72,55,5
436,https://www.youtube.com/watch?v=ZJuh-aKI1Oo,229,2020-03-03T13:50:57Z,0,2,2
437,https://www.youtube.com/watch?v=zjUh-uox0YA,66594,2020-03-17T17:00:19Z,188,1390,68
438,https://www.youtube.com/watch?v=ZjUH-TUVZzM,14,2019-12-03T09:48:33Z,0,5,0
439,https://www.youtube.com/watch?v=ZjUH-Jt_NN8,58,2020-06-26T02:14:12Z,2,10,2
440,https://www.youtube.com/watch?v=zjUH-Jgz5qE,46,2018-11-08T03:32:10Z,2,3,0
441,https://www.youtube.com/watch?v=ZJUh-BkaKPY,36,2019-02-18T12:45:06Z,1,6,0
442,https://www.youtube.com/watch?v=Zjuh-8YAdI4,588,2013-03-01T00:22:12Z,2,6,0
443,https://www.youtube.com/watch?v=zjuH-Ex2kqw,4712,2013-08-26T21:19:14Z,24,133,4
444,https://www.youtube.com/watch?v=ZJuH-pYmlpg,7,2019-10-18T17:09:12Z,0,0,0
445,https://www.youtube.com/watch?v=VN_qAz4P0qI,8537726,2020-06-25T21:00:45Z,0,20994,4512
446,https://www.youtube.com/watch?v=rd01wNPNUsA,22,2018-11-04T07:50:21Z,0,0,0
447,https://www.youtube.com/watch?v=oz-a2Az-5qU,171,2020-06-15T13:43:52Z,20,15,0
448,https://www.youtube.com/watch?v=Ig5ArPz6Mlg,8,2018-11-04T07:55:52Z,0,0,0
449,https://www.youtube.com/watch?v=xO5dCbMTDaM,565,2020-02-01T07:19:25Z,5,20,0
450,https://www.youtube.com/watch?v=A2Az-5KUKdI,32135,2008-12-18T05:58:30Z,13,67,5
451,https://www.youtube.com/watch?v=NYbV1H8OLm4,79688,2020-03-31T21:41:03Z,309,4715,43
452,https://www.youtube.com/watch?v=a2aZ-hzTYsI,22,2016-03-27T22:48:02Z,0,0,0
453,https://www.youtube.com/watch?v=ldYc5aWpmdg,22589,2016-08-02T10:45:51Z,0,54,7
454,https://www.youtube.com/watch?v=rRWKFnnm8dM,73,2020-03-01T18:05:26Z,0,3,0
455,https://www.youtube.com/watch?v=2BrlWB-BlB4,64172,2019-01-12T04:00:00Z,6,420,13
456,https://www.youtube.com/watch?v=xdXJGMmUHKA,29934,2013-11-28T13:53:03Z,0,12,5
457,https://www.youtube.com/watch?v=3h4UK62Qrbo,1197878,2011-07-18T16:20:33Z,96,997,126
458,https://www.youtube.com/watch?v=A2aZ-V2svJU,19548,2018-01-11T18:21:47Z,31,681,4
459,https://www.youtube.com/watch?v=3qU0mHdBFKg,31696,2019-01-19T04:00:02Z,2,163,5
460,https://www.youtube.com/watch?v=uspwdTSwqsY,85330,2019-10-20T10:44:29Z,43,2819,40
461,https://www.youtube.com/watch?v=Om5P9RTiZv4,29364,2019-01-26T04:00:01Z,4,186,10
462,https://www.youtube.com/watch?v=8oHCNh6hrmg,232846,2019-03-02T08:00:01Z,0,2,0
463,https://www.youtube.com/watch?v=A2az-mxoOqM,4997,2010-08-22T15:24:49Z,0,8,0
464,https://www.youtube.com/watch?v=a2Az-J7KutU,22,2014-08-23T22:01:31Z,0,0,0
465,https://www.youtube.com/watch?v=m0ULodsnLJo,2354,2015-03-25T10:25:56Z,0,2,1
466,https://www.youtube.com/watch?v=oDMaRkymT8g,14,2018-10-11T14:46:31Z,0,3,0
467,https://www.youtube.com/watch?v=a2AZ-AUTz_8,280,2017-12-01T14:37:23Z,0,8,0
468,https://www.youtube.com/watch?v=dh8B5vUwIYo,34,2018-10-27T07:05:29Z,0,2,0
469,https://www.youtube.com/watch?v=A2az-VYOaWs,165,2010-07-24T15:11:51Z,0,0,0
470,https://www.youtube.com/watch?v=CSXXp3-dMV8,75,2015-10-14T08:36:39Z,0,0,0
471,https://www.youtube.com/watch?v=a2AZ-PCDPJg,1595,2016-08-15T16:04:59Z,0,12,1
472,https://www.youtube.com/watch?v=a2aZ-5NrNTs,23,2020-01-17T13:10:57Z,0,3,0
473,https://www.youtube.com/watch?v=0puc-7kAZLY,15692,2013-06-12T05:04:23Z,0,36,4
474,https://www.youtube.com/watch?v=qYcDjcMyGAY,51,2019-07-01T02:21:11Z,2,2,0
475,https://www.youtube.com/watch?v=hB0ahK-0puc,6,2020-07-19T05:11:28Z,0,1,0
476,https://www.youtube.com/watch?v=RebDvJ-0pUc,1058,2020-05-13T05:47:43Z,8,87,0
477,https://www.youtube.com/watch?v=CpA4ie-0Puc,103,2019-11-20T07:53:29Z,0,1,0
478,https://www.youtube.com/watch?v=0PuC-DAefEM,409853,2015-04-17T18:09:39Z,27,2155,246
479,https://www.youtube.com/watch?v=AnBahA-0puc,8,2020-07-19T17:30:38Z,0,0,0
480,https://www.youtube.com/watch?v=u0GTcYdLO3k,1245,2018-05-07T04:41:29Z,0,8,0
481,https://www.youtube.com/watch?v=0puc-dRnCSA,2322,2020-02-25T21:20:52Z,3,26,0
482,https://www.youtube.com/watch?v=phBgMJ-0pUc,13398,2020-05-19T14:00:33Z,153,1552,8
483,https://www.youtube.com/watch?v=RglANe-0Puc,702,2019-11-17T17:12:02Z,1,7,1
484,https://www.youtube.com/watch?v=LDprJs-0Puc,3,2020-07-17T22:05:49Z,0,0,0
485,https://www.youtube.com/watch?v=9rDr_s-0PUc,64,2019-04-17T19:25:30Z,0,0,0
486,https://www.youtube.com/watch?v=3VWX0N-0puc,1,2020-06-24T18:30:35Z,0,0,0
487,https://www.youtube.com/watch?v=0pUC-R9HilA,184,2020-01-21T18:00:01Z,1,35,1
488,https://www.youtube.com/watch?v=0pUc-f2flzc,96,2018-10-29T12:59:29Z,0,3,0
489,https://www.youtube.com/watch?v=MXEmGo-0puc,136906,2020-04-25T06:00:04Z,440,3109,23
490,https://www.youtube.com/watch?v=8gm-oIDKmcw,954,2016-11-20T10:48:57Z,0,5,0
491,https://www.youtube.com/watch?v=7eznjc2NBTo,354,2016-11-20T10:01:04Z,0,2,0
492,https://www.youtube.com/watch?v=AqT9sM-0pUc,37,2020-03-12T07:18:05Z,0,2,0
493,https://www.youtube.com/watch?v=0PUc-y7agtY,109,2019-09-14T03:41:20Z,25,17,0
494,https://www.youtube.com/watch?v=wk3KTa-0PUc,16,2018-12-30T13:56:39Z,4,3,0
495,https://www.youtube.com/watch?v=v2CsK2-0pUc,23,2020-04-27T17:00:22Z,1,2,0
496,https://www.youtube.com/watch?v=JkcOG7-0pUc,513,2019-11-02T20:46:18Z,2,31,0
497,https://www.youtube.com/watch?v=NxYErRa5C24,11,2016-05-01T21:45:47Z,0,0,0
498,https://www.youtube.com/watch?v=0QJGIffCbe8,2610,2017-06-06T13:28:54Z,2,21,0
499,https://www.youtube.com/watch?v=zSOJFm-0Puc,363,2020-07-14T20:46:05Z,5,3,11
500,https://www.youtube.com/watch?v=QEr1nY-0puc,113,2020-05-20T04:54:12Z,0,6,0
501,https://www.youtube.com/watch?v=a7JN-Ioosq4,74,2019-05-21T01:30:56Z,4,7,0
502,https://www.youtube.com/watch?v=a7Jn-aQnuuM,4,2020-06-16T05:48:49Z,0,0,0
503,https://www.youtube.com/watch?v=A7Jn-BLxiwc,142324,2019-04-10T09:06:10Z,902,2720,87
504,https://www.youtube.com/watch?v=A7Jn-f3ZqkQ,3,2020-06-21T02:07:42Z,0,0,0
505,https://www.youtube.com/watch?v=A7JN-R1vXfU,103,2020-05-27T15:52:47Z,2,28,0
506,https://www.youtube.com/watch?v=a7jN-YRR3XM,37,2020-07-07T09:11:43Z,1,1,0
507,https://www.youtube.com/watch?v=A7JN-mu18F0,130,2017-07-01T16:20:23Z,7,7,0
508,https://www.youtube.com/watch?v=a7JN-r0E1-k,1968,2019-07-12T11:39:39Z,0,2,0
509,https://www.youtube.com/watch?v=a7jn-nyZFhQ,562,2012-09-04T09:15:58Z,0,4,0
510,https://www.youtube.com/watch?v=a7jn-hw_g_4,1729,2019-07-03T12:26:54Z,9,72,0
511,https://www.youtube.com/watch?v=a7Jn-UHFdA0,86,2017-11-02T14:03:29Z,0,0,0
512,https://www.youtube.com/watch?v=a7jn-VtFRk8,28,2018-12-05T16:26:22Z,1,2,0
513,https://www.youtube.com/watch?v=AfEm-a7jN-c,86,2018-04-24T00:52:30Z,0,2,0
514,https://www.youtube.com/watch?v=a7jN-Y7wuow,8,2018-02-28T09:01:09Z,0,2,0
515,https://www.youtube.com/watch?v=lecJ6ix4sFQ,5366,2018-09-17T18:34:05Z,59,407,13
516,https://www.youtube.com/watch?v=a7JN-7UXCkU,121,2013-01-15T10:25:12Z,0,1,0
517,https://www.youtube.com/watch?v=a7jN-5-vP3o,6,2016-08-18T06:40:16Z,0,0,0
518,https://www.youtube.com/watch?v=a7jn-gwOC2Q,115,2015-08-15T14:15:30Z,1,1,0
519,https://www.youtube.com/watch?v=A7Jn-4wI8rs,11,2019-04-12T14:52:09Z,0,2,0
520,https://www.youtube.com/watch?v=a7JN-6Ly7ss,10,2020-03-24T02:02:22Z,0,0,0
521,https://www.youtube.com/watch?v=A7jN-aGUbAc,33006,2015-02-12T14:33:31Z,0,92,5
522,https://www.youtube.com/watch?v=A7jn-Fptjgk,343,2017-06-19T17:33:25Z,3,13,1
